name,team_name,game_date,season,espn_player_id,team_id,espn_game_id,period,minutes_remaining,seconds_remaining,shot_made_flag,action_type,shot_type,shot_distance,opponent,x,y,dribbles,touch_time,defender_name,defender_distance,shot_clock
"Jeremy Lin","Brooklyn Nets",2017-03-24,2016,4299,1610612751,400900467,2,6,23,1,"Cutting Layup Shot","2PT Field Goal",1,"Washington Wizards",15,3,0,0.00,,0.00,0.00
"Jeremy Lin","Brooklyn Nets",2017-04-06,2016,4299,1610612751,400900552,1,10,41,1,"Cutting Layup Shot","2PT Field Goal",2,"Orlando Magic",24,7,0,0.00,,0.00,0.00
"Jeremy Lin","Brooklyn Nets",2016-11-02,2016,4299,1610612751,400899507,1,6,29,1,"Cutting Layup Shot","2PT Field Goal",0,"Detroit Pistons",0,2,0,0.00,,0.00,0.00
"Jeremy Lin","Brooklyn Nets",2017-02-25,2016,4299,1610612751,400900279,1,9,51,1,"Cutting Layup Shot","2PT Field Goal",1,"Golden State Warriors",-12,11,0,0.00,,0.00,0.00
"Jeremy Lin","Brooklyn Nets",2017-03-01,2016,4299,1610612751,400899448,3,10,41,1,"Cutting Layup Shot","2PT Field Goal",2,"Sacramento Kings",-22,8,0,0.00,,0.00,0.00
"Jeremy Lin","Brooklyn Nets",2017-03-04,2016,4299,1610612751,400900321,1,9,19,0,"Cutting Layup Shot","2PT Field Goal",0,"Portland Trail Blazers",2,-6,0,0.00,,0.00,0.00
"Jeremy Lin","Brooklyn Nets",2016-12-12,2016,4299,1610612751,400899806,3,0,31,1,"Driving Bank shot","2PT Field Goal",6,"Houston Rockets",-52,43,0,0.00,,0.00,0.00
"Jeremy Lin","Brooklyn Nets",2017-04-06,2016,4299,1610612751,400900552,4,0,24,1,"Driving Finger Roll Layup Shot","2PT Field Goal",1,"Orlando Magic",-1,16,0,0.00,,0.00,0.00
"Jeremy Lin","Brooklyn Nets",2017-03-04,2016,4299,1610612751,400900321,4,4,08,0,"Driving Floating Bank Jump Shot","2PT Field Goal",4,"Portland Trail Blazers",43,11,0,0.00,,0.00,0.00
"Jeremy Lin","Brooklyn Nets",2017-03-14,2016,4299,1610612751,400900395,2,0,42,1,"Driving Floating Bank Jump Shot","2PT Field Goal",3,"Oklahoma City Thunder",-27,26,0,0.00,,0.00,0.00
"Jeremy Lin","Brooklyn Nets",2016-10-31,2016,4299,1610612751,400899493,1,7,50,1,"Driving Floating Jump Shot","2PT Field Goal",5,"Chicago Bulls",-17,52,0,0.00,,0.00,0.00
"Jeremy Lin","Brooklyn Nets",2017-03-26,2016,4299,1610612751,400900483,2,4,26,1,"Driving Floating Jump Shot","2PT Field Goal",10,"Atlanta Hawks",28,100,0,0.00,,0.00,0.00
"Jeremy Lin","Brooklyn Nets",2017-04-04,2016,4299,1610612751,400900532,2,0,48,0,"Driving Floating Jump Shot","2PT Field Goal",4,"Philadelphia 76ers",1,46,0,0.00,,0.00,0.00
"Jeremy Lin","Brooklyn Nets",2016-10-31,2016,4299,1610612751,400899493,1,11,03,1,"Driving Floating Jump Shot","2PT Field Goal",12,"Chicago Bulls",69,100,0,0.00,,0.00,0.00
"Jeremy Lin","Brooklyn Nets",2016-12-12,2016,4299,1610612751,400899806,1,2,38,0,"Driving Floating Jump Shot","2PT Field Goal",7,"Houston Rockets",-1,77,0,0.00,,0.00,0.00
"Jeremy Lin","Brooklyn Nets",2017-03-04,2016,4299,1610612751,400900321,1,11,45,0,"Driving Hook Shot","2PT Field Goal",3,"Portland Trail Blazers",25,21,0,0.00,,0.00,0.00
"Jeremy Lin","Brooklyn Nets",2017-03-28,2016,4299,1610612751,400900500,2,6,22,0,"Driving Layup Shot","2PT Field Goal",2,"Philadelphia 76ers",-22,-5,0,0.00,,0.00,0.00
"Jeremy Lin","Brooklyn Nets",2017-04-06,2016,4299,1610612751,400900552,4,3,38,0,"Driving Layup Shot","2PT Field Goal",1,"Orlando Magic",-4,13,0,0.00,,0.00,0.00
"Jeremy Lin","Brooklyn Nets",2016-10-28,2016,4299,1610612751,400899452,4,10,22,1,"Driving Layup Shot","2PT Field Goal",2,"Indiana Pacers",28,-1,0,0.00,,0.00,0.00
"Jeremy Lin","Brooklyn Nets",2017-04-04,2016,4299,1610612751,400900532,2,0,10,1,"Driving Layup Shot","2PT Field Goal",2,"Philadelphia 76ers",-25,2,0,0.00,,0.00,0.00
"Jeremy Lin","Brooklyn Nets",2016-12-16,2016,4299,1610612751,400899832,1,2,01,1,"Driving Layup Shot","2PT Field Goal",0,"Orlando Magic",0,2,0,0.00,,0.00,0.00
"Jeremy Lin","Brooklyn Nets",2016-11-02,2016,4299,1610612751,400899507,2,3,43,1,"Driving Layup Shot","2PT Field Goal",0,"Detroit Pistons",6,-1,0,0.00,,0.00,0.00
"Jeremy Lin","Brooklyn Nets",2016-12-16,2016,4299,1610612751,400899832,1,0,34,1,"Driving Layup Shot","2PT Field Goal",1,"Orlando Magic",-1,11,0,0.00,,0.00,0.00
"Jeremy Lin","Brooklyn Nets",2017-04-04,2016,4299,1610612751,400900532,3,8,19,1,"Driving Layup Shot","2PT Field Goal",2,"Philadelphia 76ers",-22,7,0,0.00,,0.00,0.00
"Jeremy Lin","Brooklyn Nets",2016-10-26,2016,4299,1610612751,400899380,4,6,42,1,"Driving Layup Shot","2PT Field Goal",1,"Boston Celtics",9,-6,0,0.00,,0.00,0.00
"Jeremy Lin","Brooklyn Nets",2017-03-16,2016,4299,1610612751,400900411,1,9,29,1,"Driving Layup Shot","2PT Field Goal",0,"New York Knicks",4,-5,0,0.00,,0.00,0.00
"Jeremy Lin","Brooklyn Nets",2017-03-26,2016,4299,1610612751,400900483,1,4,52,1,"Driving Layup Shot","2PT Field Goal",1,"Atlanta Hawks",17,2,0,0.00,,0.00,0.00
"Jeremy Lin","Brooklyn Nets",2016-12-16,2016,4299,1610612751,400899832,4,2,39,1,"Driving Layup Shot","2PT Field Goal",1,"Orlando Magic",10,2,0,0.00,,0.00,0.00
"Jeremy Lin","Brooklyn Nets",2017-03-16,2016,4299,1610612751,400900411,3,3,00,0,"Driving Layup Shot","2PT Field Goal",1,"New York Knicks",-11,-6,0,0.00,,0.00,0.00
"Jeremy Lin","Brooklyn Nets",2017-03-30,2016,4299,1610612751,400900516,4,3,10,1,"Driving Layup Shot","2PT Field Goal",0,"Detroit Pistons",-1,2,0,0.00,,0.00,0.00
"Jeremy Lin","Brooklyn Nets",2016-12-23,2016,4299,1610612751,400899886,1,9,06,1,"Driving Layup Shot","2PT Field Goal",0,"Cleveland Cavaliers",-2,2,0,0.00,,0.00,0.00
"Jeremy Lin","Brooklyn Nets",2016-12-12,2016,4299,1610612751,400899806,1,0,37,1,"Driving Layup Shot","2PT Field Goal",2,"Houston Rockets",-1,21,0,0.00,,0.00,0.00
"Jeremy Lin","Brooklyn Nets",2016-10-26,2016,4299,1610612751,400899380,2,1,37,0,"Driving Layup Shot","2PT Field Goal",1,"Boston Celtics",-11,3,0,0.00,,0.00,0.00
"Jeremy Lin","Brooklyn Nets",2017-03-30,2016,4299,1610612751,400900516,3,11,21,1,"Driving Layup Shot","2PT Field Goal",0,"Detroit Pistons",-6,-1,0,0.00,,0.00,0.00
"Jeremy Lin","Brooklyn Nets",2016-12-23,2016,4299,1610612751,400899886,1,10,40,0,"Driving Layup Shot","2PT Field Goal",1,"Cleveland Cavaliers",2,16,0,0.00,,0.00,0.00
"Jeremy Lin","Brooklyn Nets",2017-03-30,2016,4299,1610612751,400900516,3,7,51,1,"Driving Layup Shot","2PT Field Goal",1,"Detroit Pistons",-1,11,0,0.00,,0.00,0.00
"Jeremy Lin","Brooklyn Nets",2017-04-06,2016,4299,1610612751,400900552,1,8,04,0,"Driving Layup Shot","2PT Field Goal",2,"Orlando Magic",22,7,0,0.00,,0.00,0.00
"Jeremy Lin","Brooklyn Nets",2016-10-31,2016,4299,1610612751,400899493,1,0,36,1,"Driving Layup Shot","2PT Field Goal",3,"Chicago Bulls",33,11,0,0.00,,0.00,0.00
"Jeremy Lin","Brooklyn Nets",2017-03-23,2016,4299,1610612751,400900462,3,4,25,1,"Driving Layup Shot","2PT Field Goal",2,"Phoenix Suns",2,21,0,0.00,,0.00,0.00
"Jeremy Lin","Brooklyn Nets",2016-10-28,2016,4299,1610612751,400899452,1,10,03,0,"Driving Layup Shot","2PT Field Goal",2,"Indiana Pacers",25,0,0,0.00,,0.00,0.00
"Jeremy Lin","Brooklyn Nets",2016-10-28,2016,4299,1610612751,400899452,2,0,09,0,"Driving Layup Shot","2PT Field Goal",1,"Indiana Pacers",-9,7,0,0.00,,0.00,0.00
"Jeremy Lin","Brooklyn Nets",2016-12-26,2016,4299,1610612751,400899905,1,6,40,1,"Driving Layup Shot","2PT Field Goal",1,"Charlotte Hornets",-17,-1,0,0.00,,0.00,0.00
"Jeremy Lin","Brooklyn Nets",2017-04-06,2016,4299,1610612751,400900552,4,0,12,1,"Driving Layup Shot","2PT Field Goal",2,"Orlando Magic",-7,26,0,0.00,,0.00,0.00
"Jeremy Lin","Brooklyn Nets",2016-10-26,2016,4299,1610612751,400899380,1,6,48,1,"Driving Layup Shot","2PT Field Goal",1,"Boston Celtics",6,11,0,0.00,,0.00,0.00
"Jeremy Lin","Brooklyn Nets",2017-02-24,2016,4299,1610612751,400900270,2,2,34,1,"Driving Layup Shot","2PT Field Goal",1,"Denver Nuggets",19,2,0,0.00,,0.00,0.00
"Jeremy Lin","Brooklyn Nets",2017-03-14,2016,4299,1610612751,400900395,3,6,30,0,"Driving Layup Shot","2PT Field Goal",4,"Oklahoma City Thunder",37,21,0,0.00,,0.00,0.00
"Jeremy Lin","Brooklyn Nets",2017-03-04,2016,4299,1610612751,400900321,3,10,06,0,"Driving Layup Shot","2PT Field Goal",1,"Portland Trail Blazers",17,0,0,0.00,,0.00,0.00
"Jeremy Lin","Brooklyn Nets",2016-12-22,2016,4299,1610612751,400899879,1,8,12,0,"Driving Layup Shot","2PT Field Goal",2,"Golden State Warriors",-25,7,0,0.00,,0.00,0.00
"Jeremy Lin","Brooklyn Nets",2016-12-22,2016,4299,1610612751,400899879,2,5,01,0,"Driving Layup Shot","2PT Field Goal",2,"Golden State Warriors",20,-1,0,0.00,,0.00,0.00
"Jeremy Lin","Brooklyn Nets",2017-03-12,2016,4299,1610612751,400900381,4,3,25,1,"Driving Layup Shot","2PT Field Goal",1,"New York Knicks",2,11,0,0.00,,0.00,0.00
"Jeremy Lin","Brooklyn Nets",2017-03-26,2016,4299,1610612751,400900483,1,8,42,1,"Driving Layup Shot","2PT Field Goal",2,"Atlanta Hawks",25,8,0,0.00,,0.00,0.00
"Jeremy Lin","Brooklyn Nets",2017-03-12,2016,4299,1610612751,400900381,4,1,22,0,"Driving Layup Shot","2PT Field Goal",1,"New York Knicks",19,2,0,0.00,,0.00,0.00
"Jeremy Lin","Brooklyn Nets",2017-03-12,2016,4299,1610612751,400900381,2,3,21,0,"Driving Layup Shot","2PT Field Goal",2,"New York Knicks",-22,7,0,0.00,,0.00,0.00
"Jeremy Lin","Brooklyn Nets",2017-03-26,2016,4299,1610612751,400900483,1,6,51,0,"Driving Layup Shot","2PT Field Goal",0,"Atlanta Hawks",-7,3,0,0.00,,0.00,0.00
"Jeremy Lin","Brooklyn Nets",2016-12-23,2016,4299,1610612751,400899886,2,0,28,1,"Driving Layup Shot","2PT Field Goal",1,"Cleveland Cavaliers",10,0,0,0.00,,0.00,0.00
"Jeremy Lin","Brooklyn Nets",2016-11-02,2016,4299,1610612751,400899507,1,10,50,1,"Driving Layup Shot","2PT Field Goal",2,"Detroit Pistons",-7,-24,0,0.00,,0.00,0.00
"Jeremy Lin","Brooklyn Nets",2017-03-04,2016,4299,1610612751,400900321,1,9,35,1,"Driving Layup Shot","2PT Field Goal",1,"Portland Trail Blazers",-12,2,0,0.00,,0.00,0.00
"Jeremy Lin","Brooklyn Nets",2017-03-12,2016,4299,1610612751,400900381,4,2,22,0,"Driving Layup Shot","2PT Field Goal",1,"New York Knicks",19,3,0,0.00,,0.00,0.00
"Jeremy Lin","Brooklyn Nets",2017-03-14,2016,4299,1610612751,400900395,1,10,36,1,"Driving Layup Shot","2PT Field Goal",4,"Oklahoma City Thunder",4,46,0,0.00,,0.00,0.00
"Jeremy Lin","Brooklyn Nets",2016-12-16,2016,4299,1610612751,400899832,2,3,23,0,"Driving Layup Shot","2PT Field Goal",2,"Orlando Magic",24,2,0,0.00,,0.00,0.00
"Jeremy Lin","Brooklyn Nets",2017-03-14,2016,4299,1610612751,400900395,1,8,18,1,"Driving Layup Shot","2PT Field Goal",2,"Oklahoma City Thunder",17,21,0,0.00,,0.00,0.00
"Jeremy Lin","Brooklyn Nets",2017-03-28,2016,4299,1610612751,400900500,2,1,35,1,"Driving Reverse Layup Shot","2PT Field Goal",1,"Philadelphia 76ers",-16,2,0,0.00,,0.00,0.00
"Jeremy Lin","Brooklyn Nets",2016-12-18,2016,4299,1610612751,400899850,1,3,30,1,"Driving Reverse Layup Shot","2PT Field Goal",1,"Philadelphia 76ers",-12,-11,0,0.00,,0.00,0.00
"Jeremy Lin","Brooklyn Nets",2016-12-26,2016,4299,1610612751,400899905,3,8,02,0,"Driving Reverse Layup Shot","2PT Field Goal",2,"Charlotte Hornets",-20,2,0,0.00,,0.00,0.00
"Jeremy Lin","Brooklyn Nets",2017-03-14,2016,4299,1610612751,400900395,1,6,32,1,"Driving Reverse Layup Shot","2PT Field Goal",1,"Oklahoma City Thunder",-14,11,0,0.00,,0.00,0.00
"Jeremy Lin","Brooklyn Nets",2016-12-26,2016,4299,1610612751,400899905,2,0,00,0,"Fadeaway Jump Shot","2PT Field Goal",12,"Charlotte Hornets",122,13,0,0.00,,0.00,0.00
"Jeremy Lin","Brooklyn Nets",2016-10-26,2016,4299,1610612751,400899380,2,7,48,0,"Fadeaway Jump Shot","2PT Field Goal",8,"Boston Celtics",84,26,0,0.00,,0.00,0.00
"Jeremy Lin","Brooklyn Nets",2017-03-24,2016,4299,1610612751,400900467,1,11,38,1,"Fadeaway Jump Shot","2PT Field Goal",10,"Washington Wizards",-106,-6,0,0.00,,0.00,0.00
"Jeremy Lin","Brooklyn Nets",2016-12-20,2016,4299,1610612751,400899862,3,8,32,1,"Fadeaway Jump Shot","2PT Field Goal",10,"Toronto Raptors",-1,106,0,0.00,,0.00,0.00
"Jeremy Lin","Brooklyn Nets",2017-03-24,2016,4299,1610612751,400900467,1,10,07,1,"Finger Roll Layup Shot","2PT Field Goal",1,"Washington Wizards",10,13,0,0.00,,0.00,0.00
"Jeremy Lin","Brooklyn Nets",2016-12-16,2016,4299,1610612751,400899832,4,1,56,1,"Floating Jump shot","2PT Field Goal",10,"Orlando Magic",-79,70,0,0.00,,0.00,0.00
"Jeremy Lin","Brooklyn Nets",2017-03-23,2016,4299,1610612751,400900462,2,6,28,0,"Jump Bank Shot","2PT Field Goal",10,"Phoenix Suns",92,57,0,0.00,,0.00,0.00
"Jeremy Lin","Brooklyn Nets",2017-03-14,2016,4299,1610612751,400900395,2,5,10,1,"Jump Bank Shot","2PT Field Goal",7,"Oklahoma City Thunder",64,41,0,0.00,,0.00,0.00
"Jeremy Lin","Brooklyn Nets",2017-03-23,2016,4299,1610612751,400900462,3,10,15,0,"Jump Bank Shot","2PT Field Goal",12,"Phoenix Suns",122,43,0,0.00,,0.00,0.00
"Jeremy Lin","Brooklyn Nets",2016-12-18,2016,4299,1610612751,400899850,4,0,02,1,"Jump Shot","3PT Field Goal",23,"Philadelphia 76ers",230,-1,0,0.00,,0.00,0.00
"Jeremy Lin","Brooklyn Nets",2017-04-06,2016,4299,1610612751,400900552,4,4,23,0,"Jump Shot","3PT Field Goal",28,"Orlando Magic",-158,232,0,0.00,,0.00,0.00
"Jeremy Lin","Brooklyn Nets",2017-04-06,2016,4299,1610612751,400900552,1,4,38,0,"Jump Shot","3PT Field Goal",25,"Orlando Magic",96,232,0,0.00,,0.00,0.00
"Jeremy Lin","Brooklyn Nets",2017-04-06,2016,4299,1610612751,400900552,2,5,08,1,"Jump Shot","3PT Field Goal",27,"Orlando Magic",130,237,0,0.00,,0.00,0.00
"Jeremy Lin","Brooklyn Nets",2017-04-06,2016,4299,1610612751,400900552,4,6,45,1,"Jump Shot","3PT Field Goal",25,"Orlando Magic",-104,229,0,0.00,,0.00,0.00
"Jeremy Lin","Brooklyn Nets",2017-04-06,2016,4299,1610612751,400900552,1,5,56,1,"Jump Shot","3PT Field Goal",24,"Orlando Magic",66,237,0,0.00,,0.00,0.00
"Jeremy Lin","Brooklyn Nets",2017-04-04,2016,4299,1610612751,400900532,1,3,51,1,"Jump Shot","3PT Field Goal",25,"Philadelphia 76ers",-119,224,0,0.00,,0.00,0.00
"Jeremy Lin","Brooklyn Nets",2017-04-04,2016,4299,1610612751,400900532,3,7,29,1,"Jump Shot","3PT Field Goal",25,"Philadelphia 76ers",114,223,0,0.00,,0.00,0.00
"Jeremy Lin","Brooklyn Nets",2017-03-30,2016,4299,1610612751,400900516,1,11,18,0,"Jump Shot","3PT Field Goal",25,"Detroit Pistons",156,205,0,0.00,,0.00,0.00
"Jeremy Lin","Brooklyn Nets",2017-03-30,2016,4299,1610612751,400900516,3,7,23,0,"Jump Shot","3PT Field Goal",26,"Detroit Pistons",-178,203,0,0.00,,0.00,0.00
"Jeremy Lin","Brooklyn Nets",2017-03-30,2016,4299,1610612751,400900516,2,3,29,0,"Jump Shot","2PT Field Goal",6,"Detroit Pistons",68,11,0,0.00,,0.00,0.00
"Jeremy Lin","Brooklyn Nets",2017-03-30,2016,4299,1610612751,400900516,2,2,29,0,"Jump Shot","3PT Field Goal",27,"Detroit Pistons",17,272,0,0.00,,0.00,0.00
"Jeremy Lin","Brooklyn Nets",2017-03-30,2016,4299,1610612751,400900516,1,11,00,0,"Jump Shot","2PT Field Goal",14,"Detroit Pistons",141,23,0,0.00,,0.00,0.00
"Jeremy Lin","Brooklyn Nets",2017-03-30,2016,4299,1610612751,400900516,3,6,02,0,"Jump Shot","3PT Field Goal",25,"Detroit Pistons",-137,218,0,0.00,,0.00,0.00
"Jeremy Lin","Brooklyn Nets",2017-03-30,2016,4299,1610612751,400900516,1,6,34,0,"Jump Shot","2PT Field Goal",6,"Detroit Pistons",63,28,0,0.00,,0.00,0.00
"Jeremy Lin","Brooklyn Nets",2017-03-30,2016,4299,1610612751,400900516,1,7,05,1,"Jump Shot","3PT Field Goal",22,"Detroit Pistons",-227,18,0,0.00,,0.00,0.00
"Jeremy Lin","Brooklyn Nets",2017-03-30,2016,4299,1610612751,400900516,4,1,04,0,"Jump Shot","2PT Field Goal",3,"Detroit Pistons",6,36,0,0.00,,0.00,0.00
"Jeremy Lin","Brooklyn Nets",2017-03-28,2016,4299,1610612751,400900500,3,7,08,0,"Jump Shot","3PT Field Goal",23,"Philadelphia 76ers",235,23,0,0.00,,0.00,0.00
"Jeremy Lin","Brooklyn Nets",2017-03-28,2016,4299,1610612751,400900500,2,0,31,0,"Jump Shot","3PT Field Goal",24,"Philadelphia 76ers",119,218,0,0.00,,0.00,0.00
"Jeremy Lin","Brooklyn Nets",2017-03-28,2016,4299,1610612751,400900500,2,0,43,0,"Jump Shot","3PT Field Goal",24,"Philadelphia 76ers",-88,232,0,0.00,,0.00,0.00
"Jeremy Lin","Brooklyn Nets",2017-03-28,2016,4299,1610612751,400900500,3,8,49,1,"Jump Shot","2PT Field Goal",6,"Philadelphia 76ers",33,51,0,0.00,,0.00,0.00
"Jeremy Lin","Brooklyn Nets",2017-03-28,2016,4299,1610612751,400900500,1,4,56,0,"Jump Shot","2PT Field Goal",18,"Philadelphia 76ers",99,151,0,0.00,,0.00,0.00
"Jeremy Lin","Brooklyn Nets",2017-03-28,2016,4299,1610612751,400900500,4,4,02,0,"Jump Shot","2PT Field Goal",17,"Philadelphia 76ers",50,164,0,0.00,,0.00,0.00
"Jeremy Lin","Brooklyn Nets",2017-03-28,2016,4299,1610612751,400900500,1,10,47,0,"Jump Shot","2PT Field Goal",19,"Philadelphia 76ers",125,149,0,0.00,,0.00,0.00
"Jeremy Lin","Brooklyn Nets",2017-03-28,2016,4299,1610612751,400900500,2,4,59,0,"Jump Shot","2PT Field Goal",14,"Philadelphia 76ers",148,-6,0,0.00,,0.00,0.00
"Jeremy Lin","Brooklyn Nets",2017-03-28,2016,4299,1610612751,400900500,4,6,20,0,"Jump Shot","3PT Field Goal",25,"Philadelphia 76ers",117,228,0,0.00,,0.00,0.00
"Jeremy Lin","Brooklyn Nets",2017-03-26,2016,4299,1610612751,400900483,1,6,00,0,"Jump Shot","3PT Field Goal",24,"Atlanta Hawks",-158,193,0,0.00,,0.00,0.00
"Jeremy Lin","Brooklyn Nets",2017-03-26,2016,4299,1610612751,400900483,2,7,15,0,"Jump Shot","3PT Field Goal",24,"Atlanta Hawks",101,228,0,0.00,,0.00,0.00
"Jeremy Lin","Brooklyn Nets",2017-03-26,2016,4299,1610612751,400900483,2,1,33,1,"Jump Shot","3PT Field Goal",24,"Atlanta Hawks",-43,242,0,0.00,,0.00,0.00
"Jeremy Lin","Brooklyn Nets",2017-03-26,2016,4299,1610612751,400900483,4,6,54,0,"Jump Shot","3PT Field Goal",23,"Atlanta Hawks",230,41,0,0.00,,0.00,0.00
"Jeremy Lin","Brooklyn Nets",2017-03-24,2016,4299,1610612751,400900467,2,8,03,1,"Jump Shot","3PT Field Goal",24,"Washington Wizards",-52,244,0,0.00,,0.00,0.00
"Jeremy Lin","Brooklyn Nets",2017-03-24,2016,4299,1610612751,400900467,2,9,54,0,"Jump Shot","3PT Field Goal",26,"Washington Wizards",-130,234,0,0.00,,0.00,0.00
"Jeremy Lin","Brooklyn Nets",2017-03-24,2016,4299,1610612751,400900467,2,7,42,0,"Jump Shot","3PT Field Goal",26,"Washington Wizards",227,129,0,0.00,,0.00,0.00
"Jeremy Lin","Brooklyn Nets",2017-03-24,2016,4299,1610612751,400900467,1,5,09,0,"Jump Shot","2PT Field Goal",5,"Washington Wizards",-52,13,0,0.00,,0.00,0.00
"Jeremy Lin","Brooklyn Nets",2017-03-24,2016,4299,1610612751,400900467,3,7,13,0,"Jump Shot","2PT Field Goal",16,"Washington Wizards",40,159,0,0.00,,0.00,0.00
"Jeremy Lin","Brooklyn Nets",2017-03-24,2016,4299,1610612751,400900467,1,6,23,0,"Jump Shot","3PT Field Goal",26,"Washington Wizards",-107,247,0,0.00,,0.00,0.00
"Jeremy Lin","Brooklyn Nets",2017-03-24,2016,4299,1610612751,400900467,1,8,17,0,"Jump Shot","3PT Field Goal",28,"Washington Wizards",56,277,0,0.00,,0.00,0.00
"Jeremy Lin","Brooklyn Nets",2017-03-23,2016,4299,1610612751,400900462,2,2,10,1,"Jump Shot","3PT Field Goal",25,"Phoenix Suns",104,228,0,0.00,,0.00,0.00
"Jeremy Lin","Brooklyn Nets",2017-03-23,2016,4299,1610612751,400900462,2,1,14,1,"Jump Shot","2PT Field Goal",22,"Phoenix Suns",123,190,0,0.00,,0.00,0.00
"Jeremy Lin","Brooklyn Nets",2017-03-23,2016,4299,1610612751,400900462,1,8,46,0,"Jump Shot","3PT Field Goal",24,"Phoenix Suns",97,229,0,0.00,,0.00,0.00
"Jeremy Lin","Brooklyn Nets",2017-03-23,2016,4299,1610612751,400900462,1,8,50,0,"Jump Shot","3PT Field Goal",25,"Phoenix Suns",91,239,0,0.00,,0.00,0.00
"Jeremy Lin","Brooklyn Nets",2017-03-19,2016,4299,1610612751,400900431,1,9,49,0,"Jump Shot","3PT Field Goal",23,"Dallas Mavericks",-225,67,0,0.00,,0.00,0.00
"Jeremy Lin","Brooklyn Nets",2017-03-19,2016,4299,1610612751,400900431,1,5,10,0,"Jump Shot","2PT Field Goal",8,"Dallas Mavericks",42,77,0,0.00,,0.00,0.00
"Jeremy Lin","Brooklyn Nets",2017-03-19,2016,4299,1610612751,400900431,1,6,24,1,"Jump Shot","2PT Field Goal",13,"Dallas Mavericks",4,136,0,0.00,,0.00,0.00
"Jeremy Lin","Brooklyn Nets",2017-03-19,2016,4299,1610612751,400900431,1,5,39,1,"Jump Shot","2PT Field Goal",18,"Dallas Mavericks",-129,129,0,0.00,,0.00,0.00
"Jeremy Lin","Brooklyn Nets",2017-03-17,2016,4299,1610612751,400900417,2,2,35,1,"Jump Shot","3PT Field Goal",25,"Boston Celtics",119,223,0,0.00,,0.00,0.00
"Jeremy Lin","Brooklyn Nets",2017-03-17,2016,4299,1610612751,400900417,3,9,05,1,"Jump Shot","3PT Field Goal",25,"Boston Celtics",33,249,0,0.00,,0.00,0.00
"Jeremy Lin","Brooklyn Nets",2017-03-17,2016,4299,1610612751,400900417,2,3,48,0,"Jump Shot","3PT Field Goal",25,"Boston Celtics",102,237,0,0.00,,0.00,0.00
"Jeremy Lin","Brooklyn Nets",2017-03-16,2016,4299,1610612751,400900411,1,8,36,0,"Jump Shot","3PT Field Goal",26,"New York Knicks",-210,154,0,0.00,,0.00,0.00
"Jeremy Lin","Brooklyn Nets",2017-03-16,2016,4299,1610612751,400900411,3,3,31,1,"Jump Shot","2PT Field Goal",21,"New York Knicks",199,90,0,0.00,,0.00,0.00
"Jeremy Lin","Brooklyn Nets",2017-03-16,2016,4299,1610612751,400900411,2,1,47,0,"Jump Shot","3PT Field Goal",24,"New York Knicks",158,190,0,0.00,,0.00,0.00
"Jeremy Lin","Brooklyn Nets",2017-03-16,2016,4299,1610612751,400900411,1,4,04,0,"Jump Shot","3PT Field Goal",24,"New York Knicks",-184,165,0,0.00,,0.00,0.00
"Jeremy Lin","Brooklyn Nets",2017-03-16,2016,4299,1610612751,400900411,4,1,24,0,"Jump Shot","3PT Field Goal",23,"New York Knicks",174,164,0,0.00,,0.00,0.00
"Jeremy Lin","Brooklyn Nets",2017-03-16,2016,4299,1610612751,400900411,1,11,34,0,"Jump Shot","2PT Field Goal",15,"New York Knicks",140,72,0,0.00,,0.00,0.00
"Jeremy Lin","Brooklyn Nets",2017-03-16,2016,4299,1610612751,400900411,2,0,00,0,"Jump Shot","3PT Field Goal",44,"New York Knicks",87,437,0,0.00,,0.00,0.00
"Jeremy Lin","Brooklyn Nets",2017-03-16,2016,4299,1610612751,400900411,3,7,18,1,"Jump Shot","3PT Field Goal",23,"New York Knicks",228,-39,0,0.00,,0.00,0.00
"Jeremy Lin","Brooklyn Nets",2017-03-16,2016,4299,1610612751,400900411,4,3,52,0,"Jump Shot","3PT Field Goal",24,"New York Knicks",189,159,0,0.00,,0.00,0.00
"Jeremy Lin","Brooklyn Nets",2017-03-16,2016,4299,1610612751,400900411,4,2,47,0,"Jump Shot","2PT Field Goal",12,"New York Knicks",105,65,0,0.00,,0.00,0.00
"Jeremy Lin","Brooklyn Nets",2017-03-16,2016,4299,1610612751,400900411,2,2,16,0,"Jump Shot","2PT Field Goal",12,"New York Knicks",-109,65,0,0.00,,0.00,0.00
"Jeremy Lin","Brooklyn Nets",2017-03-16,2016,4299,1610612751,400900411,3,9,20,1,"Jump Shot","3PT Field Goal",24,"New York Knicks",195,144,0,0.00,,0.00,0.00
"Jeremy Lin","Brooklyn Nets",2017-03-16,2016,4299,1610612751,400900411,1,8,40,0,"Jump Shot","3PT Field Goal",26,"New York Knicks",-215,149,0,0.00,,0.00,0.00
"Jeremy Lin","Brooklyn Nets",2017-03-14,2016,4299,1610612751,400900395,4,3,17,1,"Jump Shot","3PT Field Goal",30,"Oklahoma City Thunder",184,242,0,0.00,,0.00,0.00
"Jeremy Lin","Brooklyn Nets",2017-03-14,2016,4299,1610612751,400900395,1,5,17,0,"Jump Shot","2PT Field Goal",7,"Oklahoma City Thunder",2,77,0,0.00,,0.00,0.00
"Jeremy Lin","Brooklyn Nets",2017-03-14,2016,4299,1610612751,400900395,2,0,29,0,"Jump Shot","2PT Field Goal",20,"Oklahoma City Thunder",101,183,0,0.00,,0.00,0.00
"Jeremy Lin","Brooklyn Nets",2017-03-14,2016,4299,1610612751,400900395,3,10,50,1,"Jump Shot","3PT Field Goal",25,"Oklahoma City Thunder",-106,232,0,0.00,,0.00,0.00
"Jeremy Lin","Brooklyn Nets",2017-03-14,2016,4299,1610612751,400900395,3,7,51,0,"Jump Shot","3PT Field Goal",25,"Oklahoma City Thunder",161,203,0,0.00,,0.00,0.00
"Jeremy Lin","Brooklyn Nets",2017-03-14,2016,4299,1610612751,400900395,3,9,25,0,"Jump Shot","2PT Field Goal",7,"Oklahoma City Thunder",20,77,0,0.00,,0.00,0.00
"Jeremy Lin","Brooklyn Nets",2017-03-14,2016,4299,1610612751,400900395,1,9,14,0,"Jump Shot","3PT Field Goal",25,"Oklahoma City Thunder",-89,242,0,0.00,,0.00,0.00
"Jeremy Lin","Brooklyn Nets",2017-03-12,2016,4299,1610612751,400900381,4,4,58,1,"Jump Shot","3PT Field Goal",25,"New York Knicks",97,237,0,0.00,,0.00,0.00
"Jeremy Lin","Brooklyn Nets",2017-03-12,2016,4299,1610612751,400900381,2,4,33,0,"Jump Shot","3PT Field Goal",25,"New York Knicks",120,229,0,0.00,,0.00,0.00
"Jeremy Lin","Brooklyn Nets",2017-03-12,2016,4299,1610612751,400900381,3,8,58,0,"Jump Shot","3PT Field Goal",26,"New York Knicks",132,228,0,0.00,,0.00,0.00
"Jeremy Lin","Brooklyn Nets",2017-03-12,2016,4299,1610612751,400900381,3,7,46,0,"Jump Shot","3PT Field Goal",24,"New York Knicks",-91,232,0,0.00,,0.00,0.00
"Jeremy Lin","Brooklyn Nets",2017-03-12,2016,4299,1610612751,400900381,3,7,13,0,"Jump Shot","3PT Field Goal",24,"New York Knicks",-145,203,0,0.00,,0.00,0.00
"Jeremy Lin","Brooklyn Nets",2017-03-06,2016,4299,1610612751,400900334,1,6,09,0,"Jump Shot","3PT Field Goal",24,"Memphis Grizzlies",-112,214,0,0.00,,0.00,0.00
"Jeremy Lin","Brooklyn Nets",2017-03-06,2016,4299,1610612751,400900334,1,11,43,0,"Jump Shot","3PT Field Goal",23,"Memphis Grizzlies",-209,115,0,0.00,,0.00,0.00
"Jeremy Lin","Brooklyn Nets",2017-03-06,2016,4299,1610612751,400900334,3,10,35,1,"Jump Shot","3PT Field Goal",24,"Memphis Grizzlies",168,178,0,0.00,,0.00,0.00
"Jeremy Lin","Brooklyn Nets",2017-03-06,2016,4299,1610612751,400900334,2,1,02,0,"Jump Shot","3PT Field Goal",22,"Memphis Grizzlies",-227,28,0,0.00,,0.00,0.00
"Jeremy Lin","Brooklyn Nets",2017-03-04,2016,4299,1610612751,400900321,3,11,22,0,"Jump Shot","3PT Field Goal",22,"Portland Trail Blazers",227,-10,0,0.00,,0.00,0.00
"Jeremy Lin","Brooklyn Nets",2017-03-04,2016,4299,1610612751,400900321,4,0,46,0,"Jump Shot","2PT Field Goal",3,"Portland Trail Blazers",35,16,0,0.00,,0.00,0.00
"Jeremy Lin","Brooklyn Nets",2017-03-04,2016,4299,1610612751,400900321,2,2,04,1,"Jump Shot","3PT Field Goal",25,"Portland Trail Blazers",-232,101,0,0.00,,0.00,0.00
"Jeremy Lin","Brooklyn Nets",2017-03-03,2016,4299,1610612751,400900310,4,10,45,1,"Jump Shot","3PT Field Goal",25,"Utah Jazz",104,228,0,0.00,,0.00,0.00
"Jeremy Lin","Brooklyn Nets",2017-03-03,2016,4299,1610612751,400900310,4,8,20,1,"Jump Shot","2PT Field Goal",22,"Utah Jazz",-71,213,0,0.00,,0.00,0.00
"Jeremy Lin","Brooklyn Nets",2017-03-03,2016,4299,1610612751,400900310,1,8,43,0,"Jump Shot","3PT Field Goal",24,"Utah Jazz",130,213,0,0.00,,0.00,0.00
"Jeremy Lin","Brooklyn Nets",2017-03-03,2016,4299,1610612751,400900310,4,9,21,0,"Jump Shot","2PT Field Goal",18,"Utah Jazz",112,141,0,0.00,,0.00,0.00
"Jeremy Lin","Brooklyn Nets",2017-03-01,2016,4299,1610612751,400899448,1,9,48,0,"Jump Shot","2PT Field Goal",4,"Sacramento Kings",27,41,0,0.00,,0.00,0.00
"Jeremy Lin","Brooklyn Nets",2017-03-01,2016,4299,1610612751,400899448,1,11,22,1,"Jump Shot","3PT Field Goal",26,"Sacramento Kings",28,259,0,0.00,,0.00,0.00
"Jeremy Lin","Brooklyn Nets",2017-03-01,2016,4299,1610612751,400899448,4,0,57,0,"Jump Shot","3PT Field Goal",25,"Sacramento Kings",-16,252,0,0.00,,0.00,0.00
"Jeremy Lin","Brooklyn Nets",2017-03-01,2016,4299,1610612751,400899448,4,4,42,0,"Jump Shot","2PT Field Goal",4,"Sacramento Kings",-32,26,0,0.00,,0.00,0.00
"Jeremy Lin","Brooklyn Nets",2017-03-01,2016,4299,1610612751,400899448,3,11,40,0,"Jump Shot","2PT Field Goal",20,"Sacramento Kings",-194,80,0,0.00,,0.00,0.00
"Jeremy Lin","Brooklyn Nets",2017-03-01,2016,4299,1610612751,400899448,2,2,17,1,"Jump Shot","3PT Field Goal",24,"Sacramento Kings",-88,232,0,0.00,,0.00,0.00
"Jeremy Lin","Brooklyn Nets",2017-02-25,2016,4299,1610612751,400900279,2,2,36,0,"Jump Shot","2PT Field Goal",22,"Golden State Warriors",-14,228,0,0.00,,0.00,0.00
"Jeremy Lin","Brooklyn Nets",2017-02-25,2016,4299,1610612751,400900279,2,5,05,0,"Jump Shot","2PT Field Goal",3,"Golden State Warriors",32,23,0,0.00,,0.00,0.00
"Jeremy Lin","Brooklyn Nets",2017-02-25,2016,4299,1610612751,400900279,1,10,43,0,"Jump Shot","3PT Field Goal",26,"Golden State Warriors",43,257,0,0.00,,0.00,0.00
"Jeremy Lin","Brooklyn Nets",2017-02-25,2016,4299,1610612751,400900279,3,9,32,0,"Jump Shot","3PT Field Goal",29,"Golden State Warriors",191,228,0,0.00,,0.00,0.00
"Jeremy Lin","Brooklyn Nets",2017-02-25,2016,4299,1610612751,400900279,3,11,06,0,"Jump Shot","2PT Field Goal",15,"Golden State Warriors",-37,149,0,0.00,,0.00,0.00
"Jeremy Lin","Brooklyn Nets",2017-02-24,2016,4299,1610612751,400900270,2,1,42,0,"Jump Shot","2PT Field Goal",17,"Denver Nuggets",159,67,0,0.00,,0.00,0.00
"Jeremy Lin","Brooklyn Nets",2017-02-24,2016,4299,1610612751,400900270,1,7,31,1,"Jump Shot","3PT Field Goal",24,"Denver Nuggets",146,195,0,0.00,,0.00,0.00
"Jeremy Lin","Brooklyn Nets",2016-12-26,2016,4299,1610612751,400899905,3,11,15,0,"Jump Shot","3PT Field Goal",25,"Charlotte Hornets",104,232,0,0.00,,0.00,0.00
"Jeremy Lin","Brooklyn Nets",2016-12-26,2016,4299,1610612751,400899905,1,5,38,0,"Jump Shot","3PT Field Goal",25,"Charlotte Hornets",109,232,0,0.00,,0.00,0.00
"Jeremy Lin","Brooklyn Nets",2016-12-26,2016,4299,1610612751,400899905,1,9,49,1,"Jump Shot","3PT Field Goal",24,"Charlotte Hornets",127,213,0,0.00,,0.00,0.00
"Jeremy Lin","Brooklyn Nets",2016-12-26,2016,4299,1610612751,400899905,2,1,27,1,"Jump Shot","2PT Field Goal",19,"Charlotte Hornets",148,124,0,0.00,,0.00,0.00
"Jeremy Lin","Brooklyn Nets",2016-12-23,2016,4299,1610612751,400899886,2,4,01,1,"Jump Shot","2PT Field Goal",12,"Cleveland Cavaliers",123,21,0,0.00,,0.00,0.00
"Jeremy Lin","Brooklyn Nets",2016-12-23,2016,4299,1610612751,400899886,2,1,53,0,"Jump Shot","3PT Field Goal",27,"Cleveland Cavaliers",-12,278,0,0.00,,0.00,0.00
"Jeremy Lin","Brooklyn Nets",2016-12-23,2016,4299,1610612751,400899886,1,5,06,0,"Jump Shot","2PT Field Goal",10,"Cleveland Cavaliers",-102,41,0,0.00,,0.00,0.00
"Jeremy Lin","Brooklyn Nets",2016-12-23,2016,4299,1610612751,400899886,2,6,45,0,"Jump Shot","3PT Field Goal",25,"Cleveland Cavaliers",96,237,0,0.00,,0.00,0.00
"Jeremy Lin","Brooklyn Nets",2016-12-23,2016,4299,1610612751,400899886,2,8,00,0,"Jump Shot","2PT Field Goal",18,"Cleveland Cavaliers",104,149,0,0.00,,0.00,0.00
"Jeremy Lin","Brooklyn Nets",2016-12-22,2016,4299,1610612751,400899879,3,10,57,0,"Jump Shot","3PT Field Goal",25,"Golden State Warriors",-34,249,0,0.00,,0.00,0.00
"Jeremy Lin","Brooklyn Nets",2016-12-22,2016,4299,1610612751,400899879,4,9,04,1,"Jump Shot","2PT Field Goal",8,"Golden State Warriors",-4,85,0,0.00,,0.00,0.00
"Jeremy Lin","Brooklyn Nets",2016-12-22,2016,4299,1610612751,400899879,3,7,11,1,"Jump Shot","3PT Field Goal",25,"Golden State Warriors",15,252,0,0.00,,0.00,0.00
"Jeremy Lin","Brooklyn Nets",2016-12-22,2016,4299,1610612751,400899879,2,0,33,0,"Jump Shot","3PT Field Goal",24,"Golden State Warriors",92,228,0,0.00,,0.00,0.00
"Jeremy Lin","Brooklyn Nets",2016-12-22,2016,4299,1610612751,400899879,4,3,58,1,"Jump Shot","2PT Field Goal",19,"Golden State Warriors",-38,193,0,0.00,,0.00,0.00
"Jeremy Lin","Brooklyn Nets",2016-12-22,2016,4299,1610612751,400899879,2,3,36,0,"Jump Shot","3PT Field Goal",24,"Golden State Warriors",-178,169,0,0.00,,0.00,0.00
"Jeremy Lin","Brooklyn Nets",2016-12-22,2016,4299,1610612751,400899879,4,3,25,0,"Jump Shot","3PT Field Goal",24,"Golden State Warriors",164,178,0,0.00,,0.00,0.00
"Jeremy Lin","Brooklyn Nets",2016-12-22,2016,4299,1610612751,400899879,1,4,34,1,"Jump Shot","3PT Field Goal",24,"Golden State Warriors",55,242,0,0.00,,0.00,0.00
"Jeremy Lin","Brooklyn Nets",2016-12-20,2016,4299,1610612751,400899862,2,4,34,1,"Jump Shot","3PT Field Goal",25,"Toronto Raptors",-209,154,0,0.00,,0.00,0.00
"Jeremy Lin","Brooklyn Nets",2016-12-18,2016,4299,1610612751,400899850,3,3,20,0,"Jump Shot","3PT Field Goal",27,"Philadelphia 76ers",-165,214,0,0.00,,0.00,0.00
"Jeremy Lin","Brooklyn Nets",2016-12-18,2016,4299,1610612751,400899850,3,1,36,1,"Jump Shot","2PT Field Goal",22,"Philadelphia 76ers",138,180,0,0.00,,0.00,0.00
"Jeremy Lin","Brooklyn Nets",2016-12-18,2016,4299,1610612751,400899850,2,2,13,0,"Jump Shot","3PT Field Goal",25,"Philadelphia 76ers",105,229,0,0.00,,0.00,0.00
"Jeremy Lin","Brooklyn Nets",2016-12-18,2016,4299,1610612751,400899850,3,0,01,0,"Jump Shot","3PT Field Goal",24,"Philadelphia 76ers",-78,237,0,0.00,,0.00,0.00
"Jeremy Lin","Brooklyn Nets",2016-12-18,2016,4299,1610612751,400899850,4,1,35,1,"Jump Shot","3PT Field Goal",24,"Philadelphia 76ers",146,193,0,0.00,,0.00,0.00
"Jeremy Lin","Brooklyn Nets",2016-12-18,2016,4299,1610612751,400899850,4,0,09,0,"Jump Shot","3PT Field Goal",26,"Philadelphia 76ers",-194,183,0,0.00,,0.00,0.00
"Jeremy Lin","Brooklyn Nets",2016-12-18,2016,4299,1610612751,400899850,2,4,10,0,"Jump Shot","3PT Field Goal",25,"Philadelphia 76ers",213,136,0,0.00,,0.00,0.00
"Jeremy Lin","Brooklyn Nets",2016-12-16,2016,4299,1610612751,400899832,3,0,05,0,"Jump Shot","2PT Field Goal",9,"Orlando Magic",4,90,0,0.00,,0.00,0.00
"Jeremy Lin","Brooklyn Nets",2016-12-16,2016,4299,1610612751,400899832,4,0,10,1,"Jump Shot","3PT Field Goal",24,"Orlando Magic",17,249,0,0.00,,0.00,0.00
"Jeremy Lin","Brooklyn Nets",2016-12-16,2016,4299,1610612751,400899832,2,3,46,1,"Jump Shot","2PT Field Goal",9,"Orlando Magic",2,90,0,0.00,,0.00,0.00
"Jeremy Lin","Brooklyn Nets",2016-12-16,2016,4299,1610612751,400899832,3,3,33,0,"Jump Shot","3PT Field Goal",24,"Orlando Magic",32,242,0,0.00,,0.00,0.00
"Jeremy Lin","Brooklyn Nets",2016-12-12,2016,4299,1610612751,400899806,1,1,02,0,"Jump Shot","3PT Field Goal",23,"Houston Rockets",-235,2,0,0.00,,0.00,0.00
"Jeremy Lin","Brooklyn Nets",2016-12-12,2016,4299,1610612751,400899806,3,2,35,0,"Jump Shot","2PT Field Goal",14,"Houston Rockets",135,51,0,0.00,,0.00,0.00
"Jeremy Lin","Brooklyn Nets",2016-12-12,2016,4299,1610612751,400899806,4,0,18,0,"Jump Shot","3PT Field Goal",25,"Houston Rockets",169,188,0,0.00,,0.00,0.00
"Jeremy Lin","Brooklyn Nets",2016-11-02,2016,4299,1610612751,400899507,1,10,19,1,"Jump Shot","2PT Field Goal",7,"Detroit Pistons",71,21,0,0.00,,0.00,0.00
"Jeremy Lin","Brooklyn Nets",2016-11-02,2016,4299,1610612751,400899507,2,9,50,0,"Jump Shot","3PT Field Goal",24,"Detroit Pistons",104,223,0,0.00,,0.00,0.00
"Jeremy Lin","Brooklyn Nets",2016-10-29,2016,4299,1610612751,400899481,1,2,26,0,"Jump Shot","2PT Field Goal",18,"Milwaukee Bucks",-27,183,0,0.00,,0.00,0.00
"Jeremy Lin","Brooklyn Nets",2016-10-29,2016,4299,1610612751,400899481,3,11,36,1,"Jump Shot","2PT Field Goal",8,"Milwaukee Bucks",1,80,0,0.00,,0.00,0.00
"Jeremy Lin","Brooklyn Nets",2016-10-29,2016,4299,1610612751,400899481,4,10,42,0,"Jump Shot","3PT Field Goal",26,"Milwaukee Bucks",-130,229,0,0.00,,0.00,0.00
"Jeremy Lin","Brooklyn Nets",2016-10-29,2016,4299,1610612751,400899481,1,2,20,1,"Jump Shot","3PT Field Goal",27,"Milwaukee Bucks",-168,213,0,0.00,,0.00,0.00
"Jeremy Lin","Brooklyn Nets",2016-10-29,2016,4299,1610612751,400899481,1,10,04,0,"Jump Shot","3PT Field Goal",25,"Milwaukee Bucks",156,205,0,0.00,,0.00,0.00
"Jeremy Lin","Brooklyn Nets",2016-10-29,2016,4299,1610612751,400899481,4,8,51,0,"Jump Shot","3PT Field Goal",27,"Milwaukee Bucks",153,229,0,0.00,,0.00,0.00
"Jeremy Lin","Brooklyn Nets",2016-10-29,2016,4299,1610612751,400899481,4,2,14,0,"Jump Shot","2PT Field Goal",5,"Milwaukee Bucks",-4,56,0,0.00,,0.00,0.00
"Jeremy Lin","Brooklyn Nets",2016-10-29,2016,4299,1610612751,400899481,2,2,36,0,"Jump Shot","2PT Field Goal",15,"Milwaukee Bucks",96,120,0,0.00,,0.00,0.00
"Jeremy Lin","Brooklyn Nets",2016-10-29,2016,4299,1610612751,400899481,3,9,34,0,"Jump Shot","3PT Field Goal",23,"Milwaukee Bucks",230,-1,0,0.00,,0.00,0.00
"Jeremy Lin","Brooklyn Nets",2016-10-29,2016,4299,1610612751,400899481,1,8,42,0,"Jump Shot","2PT Field Goal",17,"Milwaukee Bucks",-22,169,0,0.00,,0.00,0.00
"Jeremy Lin","Brooklyn Nets",2016-10-29,2016,4299,1610612751,400899481,4,4,07,0,"Jump Shot","3PT Field Goal",26,"Milwaukee Bucks",78,252,0,0.00,,0.00,0.00
"Jeremy Lin","Brooklyn Nets",2016-10-29,2016,4299,1610612751,400899481,2,11,04,0,"Jump Shot","3PT Field Goal",25,"Milwaukee Bucks",-53,252,0,0.00,,0.00,0.00
"Jeremy Lin","Brooklyn Nets",2016-10-28,2016,4299,1610612751,400899452,1,0,12,1,"Jump Shot","3PT Field Goal",26,"Indiana Pacers",94,244,0,0.00,,0.00,0.00
"Jeremy Lin","Brooklyn Nets",2016-10-28,2016,4299,1610612751,400899452,3,11,09,0,"Jump Shot","3PT Field Goal",25,"Indiana Pacers",10,252,0,0.00,,0.00,0.00
"Jeremy Lin","Brooklyn Nets",2016-10-28,2016,4299,1610612751,400899452,1,9,30,0,"Jump Shot","3PT Field Goal",23,"Indiana Pacers",-174,165,0,0.00,,0.00,0.00
"Jeremy Lin","Brooklyn Nets",2016-10-28,2016,4299,1610612751,400899452,4,1,07,1,"Jump Shot","2PT Field Goal",14,"Indiana Pacers",-2,149,0,0.00,,0.00,0.00
"Jeremy Lin","Brooklyn Nets",2016-10-28,2016,4299,1610612751,400899452,2,2,41,1,"Jump Shot","3PT Field Goal",26,"Indiana Pacers",-9,267,0,0.00,,0.00,0.00
"Jeremy Lin","Brooklyn Nets",2016-10-31,2016,4299,1610612751,400899493,2,10,15,0,"Jump Shot","3PT Field Goal",24,"Chicago Bulls",63,239,0,0.00,,0.00,0.00
"Jeremy Lin","Brooklyn Nets",2016-10-31,2016,4299,1610612751,400899493,1,1,07,1,"Jump Shot","3PT Field Goal",24,"Chicago Bulls",-138,200,0,0.00,,0.00,0.00
"Jeremy Lin","Brooklyn Nets",2016-10-31,2016,4299,1610612751,400899493,2,9,55,0,"Jump Shot","2PT Field Goal",4,"Chicago Bulls",-9,41,0,0.00,,0.00,0.00
"Jeremy Lin","Brooklyn Nets",2016-10-26,2016,4299,1610612751,400899380,3,10,36,0,"Jump Shot","3PT Field Goal",25,"Boston Celtics",73,247,0,0.00,,0.00,0.00
"Jeremy Lin","Brooklyn Nets",2016-10-26,2016,4299,1610612751,400899380,3,4,56,1,"Jump Shot","3PT Field Goal",25,"Boston Celtics",202,159,0,0.00,,0.00,0.00
"Jeremy Lin","Brooklyn Nets",2016-10-26,2016,4299,1610612751,400899380,2,0,04,0,"Jump Shot","2PT Field Goal",18,"Boston Celtics",66,178,0,0.00,,0.00,0.00
"Jeremy Lin","Brooklyn Nets",2016-10-26,2016,4299,1610612751,400899380,3,4,00,1,"Jump Shot","3PT Field Goal",25,"Boston Celtics",-9,259,0,0.00,,0.00,0.00
"Jeremy Lin","Brooklyn Nets",2016-10-29,2016,4299,1610612751,400899481,2,9,00,0,"Layup Shot","2PT Field Goal",1,"Milwaukee Bucks",-19,0,0,0.00,,0.00,0.00
"Jeremy Lin","Brooklyn Nets",2017-04-04,2016,4299,1610612751,400900532,1,10,20,0,"Layup Shot","2PT Field Goal",1,"Philadelphia 76ers",17,2,0,0.00,,0.00,0.00
"Jeremy Lin","Brooklyn Nets",2016-10-29,2016,4299,1610612751,400899481,4,11,36,1,"Layup Shot","2PT Field Goal",0,"Milwaukee Bucks",2,3,0,0.00,,0.00,0.00
"Jeremy Lin","Brooklyn Nets",2016-10-29,2016,4299,1610612751,400899481,2,8,56,1,"Layup Shot","2PT Field Goal",0,"Milwaukee Bucks",-7,0,0,0.00,,0.00,0.00
"Jeremy Lin","Brooklyn Nets",2017-03-01,2016,4299,1610612751,400899448,4,4,10,1,"Layup Shot","2PT Field Goal",3,"Sacramento Kings",10,31,0,0.00,,0.00,0.00
"Jeremy Lin","Brooklyn Nets",2016-10-26,2016,4299,1610612751,400899380,1,4,23,0,"Layup Shot","2PT Field Goal",1,"Boston Celtics",-16,11,0,0.00,,0.00,0.00
"Jeremy Lin","Brooklyn Nets",2016-10-31,2016,4299,1610612751,400899493,2,0,32,1,"Layup Shot","2PT Field Goal",1,"Chicago Bulls",17,7,0,0.00,,0.00,0.00
"Jeremy Lin","Brooklyn Nets",2017-04-04,2016,4299,1610612751,400900532,1,5,23,0,"Layup Shot","2PT Field Goal",1,"Philadelphia 76ers",6,11,0,0.00,,0.00,0.00
"Jeremy Lin","Brooklyn Nets",2016-10-31,2016,4299,1610612751,400899493,3,7,36,0,"Layup Shot","2PT Field Goal",2,"Chicago Bulls",24,8,0,0.00,,0.00,0.00
"Jeremy Lin","Brooklyn Nets",2016-12-16,2016,4299,1610612751,400899832,3,2,13,1,"Layup Shot","2PT Field Goal",1,"Orlando Magic",-12,7,0,0.00,,0.00,0.00
"Jeremy Lin","Brooklyn Nets",2017-03-24,2016,4299,1610612751,400900467,2,11,27,0,"Layup Shot","2PT Field Goal",1,"Washington Wizards",19,3,0,0.00,,0.00,0.00
"Jeremy Lin","Brooklyn Nets",2017-03-26,2016,4299,1610612751,400900483,2,0,37,0,"Layup Shot","2PT Field Goal",1,"Atlanta Hawks",19,2,0,0.00,,0.00,0.00
"Jeremy Lin","Brooklyn Nets",2017-03-28,2016,4299,1610612751,400900500,1,5,26,1,"Layup Shot","2PT Field Goal",2,"Philadelphia 76ers",25,7,0,0.00,,0.00,0.00
"Jeremy Lin","Brooklyn Nets",2017-03-03,2016,4299,1610612751,400900310,1,11,45,0,"Layup Shot","2PT Field Goal",2,"Utah Jazz",20,2,0,0.00,,0.00,0.00
"Jeremy Lin","Brooklyn Nets",2016-10-29,2016,4299,1610612751,400899481,1,0,03,0,"Layup Shot","2PT Field Goal",1,"Milwaukee Bucks",-11,16,0,0.00,,0.00,0.00
"Jeremy Lin","Brooklyn Nets",2017-03-03,2016,4299,1610612751,400900310,4,6,09,0,"Layup Shot","2PT Field Goal",1,"Utah Jazz",10,-1,0,0.00,,0.00,0.00
"Jeremy Lin","Brooklyn Nets",2017-03-14,2016,4299,1610612751,400900395,3,10,00,0,"Layup Shot","2PT Field Goal",2,"Oklahoma City Thunder",14,16,0,0.00,,0.00,0.00
"Jeremy Lin","Brooklyn Nets",2017-04-04,2016,4299,1610612751,400900532,1,10,47,0,"Layup Shot","2PT Field Goal",2,"Philadelphia 76ers",27,13,0,0.00,,0.00,0.00
"Jeremy Lin","Brooklyn Nets",2016-10-31,2016,4299,1610612751,400899493,3,8,06,0,"Layup Shot","2PT Field Goal",0,"Chicago Bulls",0,-5,0,0.00,,0.00,0.00
"Jeremy Lin","Brooklyn Nets",2016-10-26,2016,4299,1610612751,400899380,3,5,29,0,"Layup Shot","2PT Field Goal",1,"Boston Celtics",-6,13,0,0.00,,0.00,0.00
"Jeremy Lin","Brooklyn Nets",2017-03-24,2016,4299,1610612751,400900467,3,11,07,0,"Layup Shot","2PT Field Goal",1,"Washington Wizards",9,7,0,0.00,,0.00,0.00
"Jeremy Lin","Brooklyn Nets",2017-03-17,2016,4299,1610612751,400900417,2,5,01,0,"Layup Shot","2PT Field Goal",2,"Boston Celtics",20,-1,0,0.00,,0.00,0.00
"Jeremy Lin","Brooklyn Nets",2017-03-26,2016,4299,1610612751,400900483,4,9,06,1,"Pullup Bank shot","2PT Field Goal",3,"Atlanta Hawks",33,21,0,0.00,,0.00,0.00
"Jeremy Lin","Brooklyn Nets",2017-02-25,2016,4299,1610612751,400900279,2,3,05,1,"Pullup Jump shot","3PT Field Goal",26,"Golden State Warriors",73,257,0,0.00,,0.00,0.00
"Jeremy Lin","Brooklyn Nets",2017-03-26,2016,4299,1610612751,400900483,1,4,06,0,"Pullup Jump shot","2PT Field Goal",16,"Atlanta Hawks",-109,129,0,0.00,,0.00,0.00
"Jeremy Lin","Brooklyn Nets",2017-04-06,2016,4299,1610612751,400900552,4,0,52,0,"Pullup Jump shot","3PT Field Goal",27,"Orlando Magic",33,273,0,0.00,,0.00,0.00
"Jeremy Lin","Brooklyn Nets",2017-03-26,2016,4299,1610612751,400900483,4,7,49,0,"Pullup Jump shot","3PT Field Goal",28,"Atlanta Hawks",71,272,0,0.00,,0.00,0.00
"Jeremy Lin","Brooklyn Nets",2016-12-20,2016,4299,1610612751,400899862,1,10,13,1,"Pullup Jump shot","3PT Field Goal",25,"Toronto Raptors",-165,193,0,0.00,,0.00,0.00
"Jeremy Lin","Brooklyn Nets",2017-03-26,2016,4299,1610612751,400900483,4,10,00,1,"Pullup Jump shot","2PT Field Goal",17,"Atlanta Hawks",84,154,0,0.00,,0.00,0.00
"Jeremy Lin","Brooklyn Nets",2016-12-20,2016,4299,1610612751,400899862,3,10,24,0,"Pullup Jump shot","3PT Field Goal",26,"Toronto Raptors",112,237,0,0.00,,0.00,0.00
"Jeremy Lin","Brooklyn Nets",2016-12-20,2016,4299,1610612751,400899862,2,3,12,0,"Pullup Jump shot","3PT Field Goal",25,"Toronto Raptors",15,254,0,0.00,,0.00,0.00
"Jeremy Lin","Brooklyn Nets",2017-04-06,2016,4299,1610612751,400900552,4,1,53,1,"Pullup Jump shot","3PT Field Goal",25,"Orlando Magic",33,254,0,0.00,,0.00,0.00
"Jeremy Lin","Brooklyn Nets",2016-10-26,2016,4299,1610612751,400899380,1,10,23,0,"Pullup Jump shot","3PT Field Goal",24,"Boston Celtics",76,232,0,0.00,,0.00,0.00
"Jeremy Lin","Brooklyn Nets",2017-04-06,2016,4299,1610612751,400900552,3,6,34,0,"Pullup Jump shot","2PT Field Goal",8,"Orlando Magic",43,77,0,0.00,,0.00,0.00
"Jeremy Lin","Brooklyn Nets",2017-03-06,2016,4299,1610612751,400900334,4,5,51,1,"Pullup Jump shot","2PT Field Goal",14,"Memphis Grizzlies",-35,144,0,0.00,,0.00,0.00
"Jeremy Lin","Brooklyn Nets",2017-03-26,2016,4299,1610612751,400900483,4,3,54,0,"Pullup Jump shot","2PT Field Goal",18,"Atlanta Hawks",-115,139,0,0.00,,0.00,0.00
"Jeremy Lin","Brooklyn Nets",2017-03-06,2016,4299,1610612751,400900334,4,1,43,1,"Pullup Jump shot","3PT Field Goal",26,"Memphis Grizzlies",9,262,0,0.00,,0.00,0.00
"Jeremy Lin","Brooklyn Nets",2017-03-12,2016,4299,1610612751,400900381,2,4,53,0,"Pullup Jump shot","3PT Field Goal",23,"New York Knicks",-178,160,0,0.00,,0.00,0.00
"Jeremy Lin","Brooklyn Nets",2017-03-04,2016,4299,1610612751,400900321,3,7,10,0,"Pullup Jump shot","3PT Field Goal",24,"Portland Trail Blazers",-142,198,0,0.00,,0.00,0.00
"Jeremy Lin","Brooklyn Nets",2017-03-04,2016,4299,1610612751,400900321,4,1,45,0,"Pullup Jump shot","3PT Field Goal",24,"Portland Trail Blazers",146,198,0,0.00,,0.00,0.00
"Jeremy Lin","Brooklyn Nets",2017-03-04,2016,4299,1610612751,400900321,4,2,31,1,"Pullup Jump shot","3PT Field Goal",24,"Portland Trail Blazers",164,178,0,0.00,,0.00,0.00
"Jeremy Lin","Brooklyn Nets",2017-03-12,2016,4299,1610612751,400900381,1,11,09,0,"Pullup Jump shot","2PT Field Goal",19,"New York Knicks",109,156,0,0.00,,0.00,0.00
"Jeremy Lin","Brooklyn Nets",2017-03-03,2016,4299,1610612751,400900310,2,1,44,1,"Pullup Jump shot","2PT Field Goal",13,"Utah Jazz",-119,61,0,0.00,,0.00,0.00
"Jeremy Lin","Brooklyn Nets",2016-12-16,2016,4299,1610612751,400899832,4,0,42,0,"Pullup Jump shot","2PT Field Goal",15,"Orlando Magic",82,131,0,0.00,,0.00,0.00
"Jeremy Lin","Brooklyn Nets",2017-03-01,2016,4299,1610612751,400899448,1,7,36,1,"Pullup Jump shot","2PT Field Goal",11,"Sacramento Kings",63,101,0,0.00,,0.00,0.00
"Jeremy Lin","Brooklyn Nets",2016-10-28,2016,4299,1610612751,400899452,4,8,41,0,"Pullup Jump shot","2PT Field Goal",21,"Indiana Pacers",-96,188,0,0.00,,0.00,0.00
"Jeremy Lin","Brooklyn Nets",2016-10-28,2016,4299,1610612751,400899452,1,6,49,1,"Pullup Jump shot","2PT Field Goal",21,"Indiana Pacers",81,195,0,0.00,,0.00,0.00
"Jeremy Lin","Brooklyn Nets",2016-12-12,2016,4299,1610612751,400899806,3,0,08,1,"Pullup Jump shot","3PT Field Goal",27,"Houston Rockets",110,252,0,0.00,,0.00,0.00
"Jeremy Lin","Brooklyn Nets",2017-02-25,2016,4299,1610612751,400900279,3,8,05,1,"Pullup Jump shot","2PT Field Goal",13,"Golden State Warriors",-99,95,0,0.00,,0.00,0.00
"Jeremy Lin","Brooklyn Nets",2017-04-06,2016,4299,1610612751,400900552,1,5,04,0,"Pullup Jump shot","2PT Field Goal",19,"Orlando Magic",107,164,0,0.00,,0.00,0.00
"Jeremy Lin","Brooklyn Nets",2016-10-26,2016,4299,1610612751,400899380,4,5,04,0,"Pullup Jump shot","3PT Field Goal",24,"Boston Celtics",61,242,0,0.00,,0.00,0.00
"Jeremy Lin","Brooklyn Nets",2016-12-26,2016,4299,1610612751,400899905,2,7,49,1,"Pullup Jump shot","3PT Field Goal",27,"Charlotte Hornets",122,242,0,0.00,,0.00,0.00
"Jeremy Lin","Brooklyn Nets",2016-12-26,2016,4299,1610612751,400899905,2,6,53,1,"Pullup Jump shot","2PT Field Goal",23,"Charlotte Hornets",-110,208,0,0.00,,0.00,0.00
"Jeremy Lin","Brooklyn Nets",2016-12-23,2016,4299,1610612751,400899886,3,9,26,1,"Pullup Jump shot","2PT Field Goal",15,"Cleveland Cavaliers",115,100,0,0.00,,0.00,0.00
"Jeremy Lin","Brooklyn Nets",2017-04-06,2016,4299,1610612751,400900552,2,0,35,0,"Pullup Jump shot","3PT Field Goal",29,"Orlando Magic",125,267,0,0.00,,0.00,0.00
"Jeremy Lin","Brooklyn Nets",2017-03-26,2016,4299,1610612751,400900483,3,10,59,1,"Pullup Jump shot","2PT Field Goal",14,"Atlanta Hawks",6,146,0,0.00,,0.00,0.00
"Jeremy Lin","Brooklyn Nets",2016-12-22,2016,4299,1610612751,400899879,4,9,50,0,"Pullup Jump shot","2PT Field Goal",18,"Golden State Warriors",133,134,0,0.00,,0.00,0.00
"Jeremy Lin","Brooklyn Nets",2017-04-06,2016,4299,1610612751,400900552,1,8,29,1,"Pullup Jump shot","2PT Field Goal",18,"Orlando Magic",156,95,0,0.00,,0.00,0.00
"Jeremy Lin","Brooklyn Nets",2016-10-31,2016,4299,1610612751,400899493,1,5,14,1,"Pullup Jump shot","2PT Field Goal",13,"Chicago Bulls",138,2,0,0.00,,0.00,0.00
"Jeremy Lin","Brooklyn Nets",2016-12-23,2016,4299,1610612751,400899886,1,5,01,1,"Reverse Layup Shot","2PT Field Goal",1,"Cleveland Cavaliers",-6,16,0,0.00,,0.00,0.00
"Jeremy Lin","Brooklyn Nets",2017-03-24,2016,4299,1610612751,400900467,3,11,39,1,"Running Finger Roll Layup Shot","2PT Field Goal",1,"Washington Wizards",10,7,0,0.00,,0.00,0.00
"Jeremy Lin","Brooklyn Nets",2016-12-26,2016,4299,1610612751,400899905,1,10,46,0,"Running Jump Shot","2PT Field Goal",8,"Charlotte Hornets",-53,62,0,0.00,,0.00,0.00
"Jeremy Lin","Brooklyn Nets",2017-03-04,2016,4299,1610612751,400900321,3,9,14,1,"Running Jump Shot","3PT Field Goal",25,"Portland Trail Blazers",-96,232,0,0.00,,0.00,0.00
"Jeremy Lin","Brooklyn Nets",2017-03-28,2016,4299,1610612751,400900500,1,7,44,0,"Running Jump Shot","2PT Field Goal",5,"Philadelphia 76ers",-48,31,0,0.00,,0.00,0.00
"Jeremy Lin","Brooklyn Nets",2017-04-04,2016,4299,1610612751,400900532,1,6,56,1,"Running Jump Shot","2PT Field Goal",19,"Philadelphia 76ers",-25,198,0,0.00,,0.00,0.00
"Jeremy Lin","Brooklyn Nets",2017-03-30,2016,4299,1610612751,400900516,4,4,34,1,"Running Jump Shot","2PT Field Goal",5,"Detroit Pistons",-42,31,0,0.00,,0.00,0.00
"Jeremy Lin","Brooklyn Nets",2017-03-06,2016,4299,1610612751,400900334,2,2,26,1,"Running Jump Shot","3PT Field Goal",26,"Memphis Grizzlies",174,200,0,0.00,,0.00,0.00
"Jeremy Lin","Brooklyn Nets",2016-12-16,2016,4299,1610612751,400899832,3,0,32,0,"Running Jump Shot","2PT Field Goal",4,"Orlando Magic",43,-6,0,0.00,,0.00,0.00
"Jeremy Lin","Brooklyn Nets",2016-11-02,2016,4299,1610612751,400899507,2,4,05,0,"Running Layup Shot","2PT Field Goal",0,"Detroit Pistons",-1,3,0,0.00,,0.00,0.00
"Jeremy Lin","Brooklyn Nets",2016-12-20,2016,4299,1610612751,400899862,3,4,17,0,"Running Layup Shot","2PT Field Goal",3,"Toronto Raptors",-27,21,0,0.00,,0.00,0.00
"Jeremy Lin","Brooklyn Nets",2016-12-18,2016,4299,1610612751,400899850,3,0,35,1,"Running Layup Shot","2PT Field Goal",2,"Philadelphia 76ers",20,7,0,0.00,,0.00,0.00
"Jeremy Lin","Brooklyn Nets",2017-02-25,2016,4299,1610612751,400900279,1,10,34,1,"Running Layup Shot","2PT Field Goal",1,"Golden State Warriors",10,8,0,0.00,,0.00,0.00
"Jeremy Lin","Brooklyn Nets",2016-12-20,2016,4299,1610612751,400899862,3,7,02,0,"Running Layup Shot","2PT Field Goal",4,"Toronto Raptors",9,41,0,0.00,,0.00,0.00
"Jeremy Lin","Brooklyn Nets",2017-03-01,2016,4299,1610612751,400899448,2,3,07,0,"Running Layup Shot","2PT Field Goal",2,"Sacramento Kings",20,7,0,0.00,,0.00,0.00
"Jeremy Lin","Brooklyn Nets",2016-12-12,2016,4299,1610612751,400899806,4,4,22,1,"Running Layup Shot","2PT Field Goal",1,"Houston Rockets",9,11,0,0.00,,0.00,0.00
"Jeremy Lin","Brooklyn Nets",2017-03-06,2016,4299,1610612751,400900334,4,3,23,0,"Running Layup Shot","2PT Field Goal",2,"Memphis Grizzlies",-11,23,0,0.00,,0.00,0.00
"Jeremy Lin","Brooklyn Nets",2017-03-04,2016,4299,1610612751,400900321,4,3,01,1,"Running Pull-Up Jump Shot","3PT Field Goal",24,"Portland Trail Blazers",156,195,0,0.00,,0.00,0.00
"Jeremy Lin","Brooklyn Nets",2016-12-20,2016,4299,1610612751,400899862,1,5,31,1,"Running Pull-Up Jump Shot","2PT Field Goal",22,"Toronto Raptors",79,214,0,0.00,,0.00,0.00
"Jeremy Lin","Brooklyn Nets",2017-03-17,2016,4299,1610612751,400900417,4,0,16,1,"Step Back Bank Jump Shot","2PT Field Goal",12,"Boston Celtics",115,47,0,0.00,,0.00,0.00
"Jeremy Lin","Brooklyn Nets",2017-04-06,2016,4299,1610612751,400900552,2,6,26,1,"Step Back Jump shot","2PT Field Goal",17,"Orlando Magic",137,105,0,0.00,,0.00,0.00
"Jeremy Lin","Brooklyn Nets",2017-03-30,2016,4299,1610612751,400900516,2,0,30,1,"Step Back Jump shot","2PT Field Goal",18,"Detroit Pistons",155,101,0,0.00,,0.00,0.00
"Jeremy Lin","Brooklyn Nets",2017-03-17,2016,4299,1610612751,400900417,2,0,01,0,"Step Back Jump shot","3PT Field Goal",25,"Boston Celtics",155,198,0,0.00,,0.00,0.00
"Jeremy Lin","Brooklyn Nets",2017-04-06,2016,4299,1610612751,400900552,2,1,53,1,"Step Back Jump shot","3PT Field Goal",25,"Orlando Magic",94,237,0,0.00,,0.00,0.00
"Jeremy Lin","Brooklyn Nets",2017-03-06,2016,4299,1610612751,400900334,2,0,00,0,"Step Back Jump shot","3PT Field Goal",24,"Memphis Grizzlies",46,242,0,0.00,,0.00,0.00
"Jeremy Lin","Brooklyn Nets",2016-12-26,2016,4299,1610612751,400899905,1,4,11,1,"Step Back Jump shot","2PT Field Goal",16,"Charlotte Hornets",163,16,0,0.00,,0.00,0.00
"Jeremy Lin","Brooklyn Nets",2016-12-22,2016,4299,1610612751,400899879,1,10,31,0,"Step Back Jump shot","3PT Field Goal",24,"Golden State Warriors",145,203,0,0.00,,0.00,0.00
"Jeremy Lin","Brooklyn Nets",2017-03-12,2016,4299,1610612751,400900381,4,0,28,1,"Step Back Jump shot","2PT Field Goal",10,"New York Knicks",61,90,0,0.00,,0.00,0.00
"Jeremy Lin","Brooklyn Nets",2016-10-26,2016,4299,1610612751,400899380,3,10,57,1,"Step Back Jump shot","2PT Field Goal",8,"Boston Celtics",73,33,0,0.00,,0.00,0.00
"Jeremy Lin","Brooklyn Nets",2017-03-12,2016,4299,1610612751,400900381,1,5,07,0,"Step Back Jump shot","2PT Field Goal",8,"New York Knicks",55,65,0,0.00,,0.00,0.00
"Jeremy Lin","Brooklyn Nets",2016-10-28,2016,4299,1610612751,400899452,3,0,42,0,"Step Back Jump shot","2PT Field Goal",11,"Indiana Pacers",32,110,0,0.00,,0.00,0.00
"Jeremy Lin","Brooklyn Nets",2016-12-16,2016,4299,1610612751,400899832,4,1,19,0,"Step Back Jump shot","2PT Field Goal",18,"Orlando Magic",115,139,0,0.00,,0.00,0.00
"Jeremy Lin","Brooklyn Nets",2017-04-06,2016,4299,1610612751,400900552,3,11,14,0,"Step Back Jump shot","2PT Field Goal",20,"Orlando Magic",197,65,0,0.00,,0.00,0.00
"Jeremy Lin","Brooklyn Nets",2017-03-14,2016,4299,1610612751,400900395,2,3,59,1,"Step Back Jump shot","2PT Field Goal",8,"Oklahoma City Thunder",12,85,0,0.00,,0.00,0.00
"Jeremy Lin","Brooklyn Nets",2017-03-28,2016,4299,1610612751,400900500,4,5,05,1,"Turnaround Bank shot","2PT Field Goal",6,"Philadelphia 76ers",51,38,0,0.00,,0.00,0.00
"Jeremy Lin","Brooklyn Nets",2017-03-16,2016,4299,1610612751,400900411,2,0,17,1,"Turnaround Fadeaway shot","2PT Field Goal",4,"New York Knicks",6,43,0,0.00,,0.00,0.00
"Jeremy Lin","Brooklyn Nets",2017-03-06,2016,4299,1610612751,400900334,4,2,17,1,"Turnaround Fadeaway shot","2PT Field Goal",10,"Memphis Grizzlies",-47,90,0,0.00,,0.00,0.00
"Jeremy Lin","Brooklyn Nets",2017-03-04,2016,4299,1610612751,400900321,2,2,30,1,"Turnaround Jump Shot","2PT Field Goal",10,"Portland Trail Blazers",-84,65,0,0.00,,0.00,0.00
"Jeremy Lin","Brooklyn Nets",2017-04-04,2016,4299,1610612751,400900532,3,5,06,1,"Turnaround Jump Shot","2PT Field Goal",16,"Philadelphia 76ers",122,106,0,0.00,,0.00,0.00
"Jeremy Lin","Brooklyn Nets",2016-10-26,2016,4299,1610612751,400899380,2,2,02,1,"Turnaround Jump Shot","2PT Field Goal",9,"Boston Celtics",-91,11,0,0.00,,0.00,0.00
"Jeremy Lin","Brooklyn Nets",2016-10-28,2016,4299,1610612751,400899452,2,2,03,1,"Turnaround Jump Shot","2PT Field Goal",18,"Indiana Pacers",-169,72,0,0.00,,0.00,0.00
"Jeremy Lin","Brooklyn Nets",2017-03-12,2016,4299,1610612751,400900381,3,10,09,0,"Turnaround Jump Shot","2PT Field Goal",8,"New York Knicks",-40,80,0,0.00,,0.00,0.00
"Jeremy Lin","Brooklyn Nets",2017-04-06,2016,4299,1610612751,400900552,4,1,14,1,"Turnaround Jump Shot","2PT Field Goal",8,"Orlando Magic",-2,87,0,0.00,,0.00,0.00
